last_name, first_name,year,hp_to_1b,sprint_speed,
Ortiz, David,2016,,23.5,
Beltre, Adrian,2016,,25.9,
Beltran, Carlos,2016,,25.7,
Werth, Jayson,2016,,25.8,
Pierzynski, A.J.,2016,,24.4,
Uribe, Juan,2016,,25.5,
Suzuki, Ichiro,2016,,27.8,
Martinez, Victor,2016,,22.5,
Utley, Chase,2016,,27.4,
Pujols, Albert,2016,,22.6,
Holliday, Matt,2016,,25.8,
Teixeira, Mark,2016,,24.5,
Mauer, Joe,2016,,26.4,
Cabrera, Miguel,2016,,24.4,
Gonzalez, Adrian,2016,,24.0,
Phillips, Brandon,2016,,26.0,
Reyes, Jose,2016,,27.7,
Crisp, Coco,2016,,28.2,
Peralta, Jhonny,2016,,26.1,
Loney, James,2016,,24.6,
Francoeur, Jeff,2016,,26.2,
Upton, B.J.,2016,,28.2,
Molina, Yadier,2016,,23.7,
Navarro, Dioner,2016,,23.2,
Fielder, Prince,2016,,24.4,
Cano, Robinson,2016,,24.8,
Encarnacion, Edwin,2016,,25.3,
Hardy, J.J.,2016,,26.0,
Howard, Ryan,2016,,23.3,
Gutierrez, Franklin,2016,,25.2,
Raburn, Ryan,2016,,26.8,
Johnson, Kelly,2016,,26.9,
Bautista, Jose,2016,,25.3,
Jones, Adam,2016,,28.0,
Aybar, Erick,2016,,27.8,
Hill, Aaron,2016,,27.3,
Martin, Russell,2016,,25.3,
Granderson, Curtis,2016,,27.3,
Pagan, Angel,2016,,27.7,
Davis, Rajai,2016,,28.9,
Ramirez, Hanley,2016,,26.8,
Morales, Kendrys,2016,,24.2,
Kendrick, Howie,2016,,26.7,
Napoli, Mike,2016,,24.8,
Wilson, Bobby,2016,,23.9,
Kinsler, Ian,2016,,26.8,
McCann, Brian,2016,,23.0,
Walker, Neil,2016,,26.2,
Suzuki, Kurt,2016,,25.4,
Desmond, Ian,2016,,28.5,
Cruz, Nelson,2016,,26.1,
Jaso, John,2016,,25.5,
Trumbo, Mark,2016,,27.0,
Escobar, Alcides,2016,,27.4,
Jay, Jon,2016,,26.3,
Prado, Martin,2016,,26.6,
Wieters, Matt,2016,,25.0,
Longoria, Evan,2016,,27.4,
Cozart, Zack,2016,,25.9,
Barney, Darwin,2016,,27.4,
Guyer, Brandon,2016,,27.9,
Rodriguez, Sean,2016,,27.0,
Reynolds, Mark,2016,,25.0,
Davis, Chris,2016,,26.5,
Orlando, Paulo,2016,,29.6,
Zobrist, Ben,2016,,27.3,
Fowler, Dexter,2016,,28.3,
Flowers, Tyler,2016,,25.4,
Headley, Chase,2016,,25.8,
Smith, Seth,2016,,26.2,
Lind, Adam,2016,,24.6,
Pence, Hunter,2016,,28.5,
Span, Denard,2016,,27.9,
Cabrera, Asdrubal,2016,,25.5,
Ellsbury, Jacoby,2016,,27.9,
Tulowitzki, Troy,2016,,25.5,
Johnson, Chris,2016,,26.3,
Blackmon, Charlie,2016,,27.7,
Blanco, Gregor,2016,,28.2,
Frazier, Todd,2016,,26.2,
Iannetta, Chris,2016,,24.9,
Maldonado, Martin,2016,,25.3,
Markakis, Nick,2016,,25.5,
Pedroia, Dustin,2016,,26.5,
Castillo, Welington,2016,,24.8,
Bourn, Michael,2016,,28.1,
Nunez, Eduardo,2016,,28.0,
Pearce, Steve,2016,,26.6,
Butler, Billy,2016,,23.7,
Cain, Lorenzo,2016,,29.1,
Saltalamacchia, Jarrod,2016,,25.6,
De Aza, Alejandro,2016,,27.6,
McCutchen, Andrew,2016,,29.1,
Upton, Justin,2016,,27.4,
Maybin, Cameron,2016,,28.8,
Turner, Justin,2016,,26.2,
Posey, Buster,2016,,25.2,
Espinosa, Danny,2016,,27.7,
Bruce, Jay,2016,,26.8,
Votto, Joey,2016,,25.0,
Coghlan, Chris,2016,,26.3,
Rasmus, Colby,2016,,28.0,
Gardner, Brett,2016,,28.7,
Saunders, Michael,2016,,26.9,
Joyce, Matt,2016,,26.0,
Hundley, Nick,2016,,25.7,
Braun, Ryan,2016,,27.3,
Gordon, Alex,2016,,26.2,
Gomez, Carlos,2016,,28.8,
Moss, Brandon,2016,,26.2,
Kemp, Matt,2016,,25.3,
Plouffe, Trevor,2016,,26.1,
Andrus, Elvis,2016,,27.4,
Cervelli, Francisco,2016,,25.7,
Cabrera, Melky,2016,,25.6,
Ramos, Wilson,2016,,24.1,
Santana, Carlos,2016,,25.9,
Parra, Gerardo,2016,,26.4,
Montero, Miguel,2016,,23.5,
Gonzalez, Carlos,2016,,27.0,
Valbuena, Luis,2016,,25.7,
Mercer, Jordy,2016,,27.6,
Belt, Brandon,2016,,26.4,
Carter, Chris,2016,,26.7,
Alonso, Yonder,2016,,24.6,
Smoak, Justin,2016,,24.2,
Zimmerman, Ryan,2016,,27.1,
Lowrie, Jed,2016,,25.5,
Alvarez, Pedro,2016,,25.2,
Wallace, Brett,2016,,24.9,
Carrera, Ezequiel,2016,,28.2,
Bourjos, Peter,2016,,29.5,
Castro, Jason,2016,,26.6,
d'Arnaud, Chase,2016,,29.1,
Escobar, Yunel,2016,,25.6,
Morrison, Logan,2016,,26.9,
Aoki, Norichika,2016,,27.2,
Lee, Dae-Ho,2016,,23.1,
Cespedes, Yoenis,2016,,27.1,
Ramirez, Alexei,2016,,26.5,
Beckham, Gordon,2016,,26.1,
Solarte, Yangervis,2016,,25.0,
Escobar, Eduardo,2016,,27.5,
Freese, David,2016,,26.9,
Davis, Khris,2016,,27.1,
Chisenhall, Lonnie,2016,,26.9,
Martinez, J.D.,2016,,27.0,
Valencia, Danny,2016,,27.0,
Reddick, Josh,2016,,27.3,
Dyson, Jarrod,2016,,28.8,
Murphy, Daniel,2016,,26.5,
Goldschmidt, Paul,2016,,27.3,
Gonzalez, Marwin,2016,,26.5,
Leon, Sandy,2016,,25.0,
Altuve, Jose,2016,,28.4,
Hernandez, Cesar,2016,,29.5,
Segura, Jean,2016,,28.3,
Castro, Starlin,2016,,27.4,
Marte, Starling,2016,,28.9,
d'Arnaud, Travis,2016,,27.1,
Descalso, Daniel,2016,,26.8,
Dietrich, Derek,2016,,27.7,
Donaldson, Josh,2016,,27.0,
Freeman, Freddie,2016,,26.4,
Grandal, Yasmani,2016,,24.2,
Heyward, Jason,2016,,27.7,
LeMahieu, DJ,2016,,27.1,
Lucroy, Jonathan,2016,,25.6,
Moreland, Mitch,2016,,25.6,
Norris, Derek,2016,,27.4,
Revere, Ben,2016,,27.3,
Rizzo, Anthony,2016,,25.9,
Rupp, Cameron,2016,,25.3,
Smolinski, Jake,2016,,27.7,
Souza Jr., Steven,2016,,28.7,
Stanton, Giancarlo,2016,,27.5,
Vogt, Stephen,2016,,26.0,
Galvis, Freddy,2016,,27.5,
Perez, Salvador,2016,,25.9,
Forsythe, Logan,2016,,27.7,
Flores, Wilmer,2016,,25.5,
Marte, Jefry,2016,,28.4,
Garcia, Avisail,2016,,29.1,
Perez, Hernan,2016,,28.4,
Perez, Carlos,2016,,26.4,
Inciarte, Ender,2016,,27.9,
Ozuna, Marcell,2016,,27.9,
Villar, Jonathan,2016,,28.0,
Adames, Cristhian,2016,,27.3,
Burns, Billy,2016,,29.3,
Crawford, Brandon,2016,,26.7,
Cron, C.J.,2016,,26.1,
Dickerson, Alex,2016,,27.7,
Giavotella, Johnny,2016,,27.8,
Gomes, Yan,2016,,26.6,
Grossman, Robbie,2016,,27.8,
Harrison, Josh,2016,,27.9,
Hicks, Aaron,2016,,28.4,
Hosmer, Eric,2016,,26.2,
Kipnis, Jason,2016,,27.3,
Lawrie, Brett,2016,,28.9,
McCann, James,2016,,26.7,
Miller, Brad,2016,,27.8,
Nieuwenhuis, Kirk,2016,,27.1,
Rendon, Anthony,2016,,28.1,
Semien, Marcus,2016,,28.4,
Shaw, Travis,2016,,26.2,
Springer, George,2016,,28.4,
Gordon, Dee,2016,,29.6,
Wong, Kolten,2016,,27.5,
Gregorius, Didi,2016,,28.1,
Grichuk, Randal,2016,,28.5,
Marisnick, Jake,2016,,29.1,
Trout, Mike,2016,,28.9,
Herrera, Odubel,2016,,27.3,
Harper, Bryce,2016,,27.2,
Kim, Hyun Soo,2016,,26.4,
Martin, Leonys,2016,,27.4,
Abreu, Jose,2016,,25.6,
Suarez, Eugenio,2016,,27.4,
Polanco, Gregory,2016,,27.3,
Santana, Domingo,2016,,27.1,
Flores, Ramon,2016,,27.3,
Schoop, Jonathan,2016,,27.5,
Adams, Matt,2016,,25.5,
Arenado, Nolan,2016,,26.3,
Barnhart, Tucker,2016,,25.1,
Bour, Justin,2016,,24.1,
Gennett, Scooter,2016,,25.5,
Hamilton, Billy,2016,,30.2,
Holt, Brock,2016,,28.2,
Joseph, Tommy,2016,,25.3,
Lamb, Jake,2016,,27.2,
Myers, Wil,2016,,28.0,
Naquin, Tyler,2016,,28.2,
Owings, Chris,2016,,28.9,
Piscotty, Stephen,2016,,27.2,
Rickard, Joey,2016,,28.2,
Schimpf, Ryan,2016,,28.2,
Seager, Kyle,2016,,25.6,
Thompson, Trayce,2016,,28.3,
Carpenter, Matt,2016,,26.6,
Dickerson, Corey,2016,,27.4,
Dozier, Brian,2016,,27.8,
Saladino, Tyler,2016,,28.6,
Contreras, Willson,2016,,28.2,
Gyorko, Jedd,2016,,25.2,
Iglesias, Jose,2016,,28.5,
Travis, Devon,2016,,27.2,
Hechavarria, Adeiny,2016,,27.6,
Bryant, Kris,2016,,28.5,
Casali, Curt,2016,,24.5,
Castellanos, Nick,2016,,26.9,
Drury, Brandon,2016,,27.3,
Healy, Ryon,2016,,26.4,
Machado, Manny,2016,,26.1,
Pederson, Joc,2016,,26.5,
Realmuto, J.T.,2016,,28.7,
Rosario, Eddie,2016,,28.4,
Simmons, Andrelton,2016,,27.1,
Yelich, Christian,2016,,28.9,
Merrifield, Whit,2016,,29.0,
Bogaerts, Xander,2016,,28.3,
Polanco, Jorge,2016,,28.8,
Sano, Miguel,2016,,27.8,
Calhoun, Kole,2016,,26.0,
Duvall, Adam,2016,,28.3,
Eaton, Adam,2016,,28.3,
Garcia, Greg,2016,,27.7,
Gattis, Evan,2016,,27.2,
Schebler, Scott,2016,,28.2,
Kiermaier, Kevin,2016,,29.4,
Profar, Jurickson,2016,,26.3,
Baez, Javier,2016,,28.9,
Lindor, Francisco,2016,,27.0,
Odor, Rougned,2016,,27.7,
Story, Trevor,2016,,29.6,
Cuthbert, Cheslor,2016,,26.6,
Kepler, Max,2016,,28.1,
Franco, Maikel,2016,,26.0,
Bradley Jr., Jackie,2016,,27.4,
Ahmed, Nick,2016,,28.5,
Betts, Mookie,2016,,27.9,
Panik, Joe,2016,,26.4,
Peraza, Jose,2016,,28.8,
Marte, Ketel,2016,,28.5,
Peterson, Jace,2016,,28.7,
Turner, Trea,2016,,30.0,
Rua, Ryan,2016,,27.9,
Pillar, Kevin,2016,,28.1,
Ramirez, Jose,2016,,27.9,
Russell, Addison,2016,,28.5,
Seager, Corey,2016,,26.6,
Mazara, Nomar,2016,,26.9,
Jankowski, Travis,2016,,29.5,
Garcia, Adonis,2016,,26.4,
Correa, Carlos,2016,,28.0,
Buxton, Byron,2016,,30.7,
Duffy, Matt,2016,,27.9,
Conforto, Michael,2016,,27.2,
Puig, Yasiel,2016,,28.1,
Soler, Jorge,2016,,27.5,
Kang, Jung Ho,2016,,25.7,
Tomas, Yasmany,2016,,26.9,
Anderson, Tim,2016,,28.8,
White, Tyler,2016,,26.9,
Diaz, Aledmys,2016,,29.1,
Beltre, Adrian,2018,4.74,24.8,
Martinez, Victor,2018,4.87,23.2,
Pujols, Albert,2018,5.01,22.2,
Mauer, Joe,2018,4.57,26.0,
Reyes, Jose,2018,4.18,27.5,
Choo, Shin-Soo,2018,4.42,26.0,
Molina, Yadier,2018,4.91,22.9,
Cano, Robinson,2018,4.59,24.5,
Encarnacion, Edwin,2018,4.84,24.5,
Bautista, Jose,2018,4.73,25.6,
Jones, Adam,2018,4.53,26.7,
Martin, Russell,2018,4.76,25.6,
Granderson, Curtis,2018,4.30,26.8,
Morales, Kendrys,2018,4.96,23.5,
Kinsler, Ian,2018,4.52,26.6,
Walker, Neil,2018,4.44,26.5,
Suzuki, Kurt,2018,4.65,25.6,
Desmond, Ian,2018,4.36,28.1,
Cruz, Nelson,2018,4.73,24.9,
Trumbo, Mark,2018,4.66,26.2,
Peralta, David,2018,4.36,27.2,
Pina, Manny,2018,4.72,25.0,
Escobar, Alcides,2018,4.33,27.6,
Jay, Jon,2018,4.50,26.0,
Duda, Lucas,2018,4.75,24.9,
Wieters, Matt,2018,4.70,24.3,
Longoria, Evan,2018,4.46,26.9,
Cozart, Zack,2018,4.45,26.6,
Davis, Chris,2018,4.64,25.5,
Zobrist, Ben,2018,4.36,26.7,
Fowler, Dexter,2018,4.33,27.4,
Flowers, Tyler,2018,4.56,25.2,
Span, Denard,2018,4.34,27.7,
Cabrera, Asdrubal,2018,4.62,25.4,
Blackmon, Charlie,2018,4.27,27.6,
Frazier, Todd,2018,4.57,25.7,
Iannetta, Chris,2018,4.79,25.3,
Maldonado, Martin,2018,4.88,24.0,
Chirinos, Robinson,2018,4.79,25.3,
Markakis, Nick,2018,4.40,26.4,
Nunez, Eduardo,2018,4.25,27.5,
Pearce, Steve,2018,4.55,26.2,
Cain, Lorenzo,2018,4.18,28.6,
McCutchen, Andrew,2018,4.32,28.7,
Jackson, Austin,2018,4.51,27.5,
Upton, Justin,2018,4.37,27.8,
Maybin, Cameron,2018,4.24,28.5,
Turner, Justin,2018,4.62,26.6,
Posey, Buster,2018,4.69,24.9,
Bruce, Jay,2018,4.52,25.5,
Votto, Joey,2018,4.72,25.4,
Gardner, Brett,2018,4.02,29.1,
Hundley, Nick,2018,4.66,25.6,
Braun, Ryan,2018,4.42,26.8,
Gordon, Alex,2018,4.58,25.5,
Gomez, Carlos,2018,4.43,27.9,
Kemp, Matt,2018,4.52,26.2,
Andrus, Elvis,2018,4.38,27.0,
Cervelli, Francisco,2018,4.56,25.8,
Cabrera, Melky,2018,4.44,26.0,
Sandoval, Pablo,2018,4.56,25.0,
Ramos, Wilson,2018,4.93,22.8,
Santana, Carlos,2018,4.48,26.0,
Parra, Gerardo,2018,4.30,26.5,
Gonzalez, Carlos,2018,4.26,27.4,
Valbuena, Luis,2018,4.74,24.0,
Mercer, Jordy,2018,4.36,27.6,
Belt, Brandon,2018,4.46,25.9,
Alonso, Yonder,2018,4.95,23.3,
Smoak, Justin,2018,4.90,23.8,
Zimmerman, Ryan,2018,4.44,26.7,
Lowrie, Jed,2018,4.45,26.7,
Brantley, Michael,2018,4.60,26.1,
Morrison, Logan,2018,4.56,26.3,
Hernandez, Gorkys,2018,4.29,28.5,
Gurriel, Yuli,2018,4.32,27.6,
Solarte, Yangervis,2018,4.74,24.7,
Rojas, Miguel,2018,4.47,26.5,
Escobar, Eduardo,2018,4.28,27.8,
Martinez, Jose,2018,4.51,26.5,
Adrianza, Ehire,2018,4.35,26.8,
Freese, David,2018,4.40,26.5,
Davis, Khris,2018,4.77,26.2,
Pham, Tommy,2018,4.42,28.6,
Martinez, J.D.,2018,4.45,26.7,
Valencia, Danny,2018,4.55,26.4,
Reddick, Josh,2018,4.23,27.7,
Murphy, Daniel,2018,4.57,25.5,
Goldschmidt, Paul,2018,4.47,26.8,
Gonzalez, Marwin,2018,4.40,26.4,
Leon, Sandy,2018,4.72,23.9,
Altuve, Jose,2018,4.13,28.1,
Hernandez, Cesar,2018,4.13,29.1,
Segura, Jean,2018,4.21,27.9,
Castro, Starlin,2018,4.38,27.4,
Marte, Starling,2018,4.13,28.6,
Pirela, Jose,2018,4.28,28.5,
Culberson, Charlie,2018,4.19,28.3,
Descalso, Daniel,2018,4.36,26.8,
Dietrich, Derek,2018,4.32,26.8,
Freeman, Freddie,2018,4.44,26.7,
Grandal, Yasmani,2018,4.87,24.5,
Heyward, Jason,2018,4.33,27.6,
LeMahieu, DJ,2018,4.46,27.1,
Lucroy, Jonathan,2018,4.71,25.2,
Mesoraco, Devin,2018,4.52,25.5,
Moreland, Mitch,2018,4.41,25.2,
Moustakas, Mike,2018,4.60,25.7,
Rizzo, Anthony,2018,4.57,25.5,
Romine, Austin,2018,4.49,26.3,
Souza Jr., Steven,2018,4.30,28.1,
Stanton, Giancarlo,2018,4.45,27.8,
Thames, Eric,2018,4.27,27.1,
Galvis, Freddy,2018,4.34,26.8,
Perez, Salvador,2018,4.82,25.0,
Forsythe, Logan,2018,4.51,27.3,
Flores, Wilmer,2018,4.56,25.6,
Garcia, Avisail,2018,4.35,29.0,
Perez, Hernan,2018,4.37,28.0,
Inciarte, Ender,2018,4.12,27.9,
Ozuna, Marcell,2018,4.42,27.8,
Villar, Jonathan,2018,4.21,27.6,
Aguilar, Jesus,2018,4.68,24.7,
Beckham, Tim,2018,4.41,27.2,
Crawford, Brandon,2018,4.42,25.8,
Cron, C.J.,2018,4.58,26.3,
Gomes, Yan,2018,4.50,26.9,
Grossman, Robbie,2018,4.27,27.7,
Harrison, Josh,2018,4.38,27.1,
Hicks, Aaron,2018,4.17,28.1,
Hicks, John,2018,4.43,26.5,
Hosmer, Eric,2018,4.46,26.2,
Joseph, Caleb,2018,4.60,26.4,
Kipnis, Jason,2018,4.38,26.9,
Mahtook, Mikie,2018,4.28,28.6,
McCann, James,2018,4.72,25.9,
Miller, Brad,2018,4.28,27.7,
Rendon, Anthony,2018,4.37,27.3,
Semien, Marcus,2018,4.28,28.3,
Shaw, Travis,2018,4.41,26.7,
Springer, George,2018,4.31,27.7,
Gordon, Dee,2018,3.95,29.0,
Vazquez, Christian,2018,4.57,25.3,
Wong, Kolten,2018,4.16,27.7,
Gregorius, Didi,2018,4.24,28.0,
Garcia, Leury,2018,4.08,28.6,
Grichuk, Randal,2018,4.35,28.3,
Stassi, Max,2018,4.65,25.7,
Trout, Mike,2018,4.25,29.2,
Herrera, Odubel,2018,4.21,26.7,
Almora Jr., Albert,2018,4.34,27.8,
Delmonico, Nicky,2018,4.51,27.2,
Harper, Bryce,2018,4.34,27.5,
Martin, Leonys,2018,4.30,27.5,
Abreu, Jose,2018,4.53,26.7,
Diaz, Elias,2018,4.55,26.6,
Narvaez, Omar,2018,4.69,25.2,
Suarez, Eugenio,2018,4.61,26.2,
Polanco, Gregory,2018,4.18,27.8,
Sanchez, Yolmer,2018,4.25,28.1,
Schoop, Jonathan,2018,4.48,27.5,
Villanueva, Christian,2018,4.66,25.7,
Adams, Matt,2018,4.56,25.9,
Altherr, Aaron,2018,4.39,29.0,
Arenado, Nolan,2018,4.57,25.7,
Barnhart, Tucker,2018,4.65,25.0,
Bour, Justin,2018,4.72,23.7,
Davidson, Matt,2018,4.63,25.6,
Gennett, Scooter,2018,4.38,26.4,
Hamilton, Billy,2018,3.94,30.1,
Haniger, Mitch,2018,4.38,27.8,
Hernandez, Enrique,2018,4.35,27.7,
Holt, Brock,2018,4.39,26.3,
Muncy, Max,2018,4.30,27.6,
Myers, Wil,2018,4.35,28.1,
Owings, Chris,2018,4.15,28.3,
Piscotty, Stephen,2018,4.42,26.7,
Pollock, A.J.,2018,4.33,28.2,
Seager, Kyle,2018,4.50,25.9,
Taylor, Michael A.,2018,4.14,29.0,
Zunino, Mike,2018,4.60,26.0,
Carpenter, Matt,2018,4.40,26.4,
Dickerson, Corey,2018,4.21,27.8,
Dozier, Brian,2018,4.44,26.8,
Contreras, Willson,2018,4.32,27.6,
Gyorko, Jedd,2018,4.55,25.2,
Iglesias, Jose,2018,4.16,28.0,
Travis, Devon,2018,4.44,26.9,
Hechavarria, Adeiny,2018,4.43,27.0,
Austin, Tyler,2018,4.47,27.2,
Bryant, Kris,2018,4.29,28.0,
Canha, Mark,2018,4.35,27.6,
Castellanos, Nick,2018,4.29,27.7,
DeShields, Delino,2018,4.03,30.0,
Gamel, Ben,2018,4.20,28.3,
Goodrum, Niko,2018,4.20,29.1,
Healy, Ryon,2018,4.63,26.0,
Jones, JaCoby,2018,4.23,29.1,
Judge, Aaron,2018,4.56,28.0,
Machado, Manny,2018,4.62,26.2,
Moran, Colin,2018,4.61,25.2,
Pederson, Joc,2018,4.34,26.2,
Realmuto, J.T.,2018,4.26,28.6,
Renfroe, Hunter,2018,4.38,27.3,
Rosario, Eddie,2018,4.18,28.0,
Simmons, Andrelton,2018,4.48,27.2,
Yelich, Christian,2018,4.18,28.7,
Merrifield, Whit,2018,4.23,29.0,
Bogaerts, Xander,2018,4.23,27.8,
Bonifacio, Jorge,2018,4.33,28.1,
Hanson, Alen,2018,4.19,28.4,
Polanco, Jorge,2018,4.19,28.4,
Sano, Miguel,2018,4.62,26.8,
Herrera, Rosell,2018,4.20,28.5,
Difo, Wilmer,2018,4.26,28.6,
Calhoun, Kole,2018,4.52,26.1,
Duvall, Adam,2018,4.36,27.9,
Eaton, Adam,2018,4.17,27.5,
Gattis, Evan,2018,4.59,26.6,
Palka, Daniel,2018,4.41,26.5,
Schebler, Scott,2018,4.22,27.7,
Kiermaier, Kevin,2018,4.07,28.9,
Riddle, JT,2018,4.37,27.8,
Alfaro, Jorge,2018,4.35,28.2,
Profar, Jurickson,2018,4.30,27.6,
Baez, Javier,2018,4.19,28.8,
Bird, Greg,2018,4.72,25.1,
Cave, Jake,2018,4.28,27.8,
Hedges, Austin,2018,4.66,25.9,
Lindor, Francisco,2018,4.21,28.4,
Odor, Rougned,2018,4.15,28.1,
Story, Trevor,2018,4.16,29.6,
Sanchez, Gary,2018,4.54,25.9,
Kepler, Max,2018,4.27,27.9,
Franco, Maikel,2018,4.73,25.6,
Bradley Jr., Jackie,2018,4.26,27.8,
Nunez, Renato,2018,4.48,27.3,
Candelario, Jeimer,2018,4.41,27.3,
Ahmed, Nick,2018,4.35,28.2,
Anderson, Brian,2018,4.44,27.1,
Bell, Josh,2018,4.41,27.1,
Betts, Mookie,2018,4.18,28.0,
Panik, Joe,2018,4.46,25.6,
Smith, Mallex,2018,4.02,29.8,
Spangenberg, Cory,2018,4.09,28.9,
Arcia, Orlando,2018,4.44,26.7,
Hernandez, Teoscar,2018,4.28,28.6,
Peraza, Jose,2018,4.19,28.8,
Marte, Ketel,2018,4.23,28.6,
Nimmo, Brandon,2018,4.23,28.5,
Turner, Trea,2018,4.10,30.1,
Pillar, Kevin,2018,4.33,27.8,
Ramirez, Jose,2018,4.29,27.4,
Bregman, Alex,2018,4.31,27.8,
Gallo, Joey,2018,4.42,27.7,
Russell, Addison,2018,4.25,27.5,
Williams, Nick,2018,4.32,28.4,
Winker, Jesse,2018,4.51,26.0,
Mazara, Nomar,2018,4.32,26.7,
Guzman, Ronald,2018,4.48,26.2,
Jankowski, Travis,2018,4.12,29.0,
Plawecki, Kevin,2018,4.59,26.0,
Mondesi, Adalberto,2018,4.07,29.9,
Andujar, Miguel,2018,4.31,27.8,
Reyes, Franmil,2018,4.53,26.8,
Robertson, Daniel,2018,4.44,27.7,
Swanson, Dansby,2018,4.09,29.4,
Taylor, Chris,2018,4.23,28.7,
Correa, Carlos,2018,4.32,27.7,
Dahl, David,2018,4.17,28.6,
Brinson, Lewis,2018,4.21,29.3,
Wendle, Joey,2018,4.16,28.3,
Olson, Matt,2018,4.53,25.9,
Duffy, Matt,2018,4.42,27.7,
Munoz, Yairo,2018,4.30,28.1,
Margot, Manuel,2018,4.20,29.4,
Camargo, Johan,2018,4.44,26.3,
Conforto, Michael,2018,4.35,27.8,
Frazier, Adam,2018,4.34,27.3,
Puig, Yasiel,2018,4.33,28.3,
Soler, Jorge,2018,4.40,28.2,
Heredia, Guillermo,2018,4.25,28.4,
Pinder, Chad,2018,4.45,27.2,
Anderson, Tim,2018,4.20,28.7,
Bauers, Jake,2018,4.19,27.8,
Bellinger, Cody,2018,4.02,28.8,
Dozier, Hunter,2018,4.34,28.6,
Engel, Adam,2018,4.08,30.1,
Garver, Mitch,2018,4.53,26.3,
Mancini, Trey,2018,4.51,27.0,
Rosario, Amed,2018,4.15,29.4,
Adames, Willy,2018,4.25,28.4,
Benintendi, Andrew,2018,4.22,27.7,
Kemp, Tony,2018,4.16,27.6,
Kiner-Falefa, Isiah,2018,4.27,28.0,
Albies, Ozzie,2018,4.07,28.7,
Devers, Rafael,2018,4.30,27.2,
Diaz, Aledmys,2018,4.30,27.9,
Torres, Gleyber,2018,4.36,27.1,
Allen, Greg,2018,4.14,28.9,
Chapman, Matt,2018,4.37,28.3,
Hoskins, Rhys,2018,4.56,26.3,
Schwarber, Kyle,2018,4.29,27.1,
DeJong, Paul,2018,4.36,28.1,
Moncada, Yoan,2018,4.20,28.8,
Ohtani, Shohei,2018,4.07,28.4,
Acuna Jr., Ronald,2018,4.10,29.6,
Happ, Ian,2018,4.31,27.6,
Bader, Harrison,2018,4.07,30.0,
Fletcher, David,2018,4.24,28.1,
Kingery, Scott,2018,4.10,29.4,
Soto, Juan,2018,4.20,27.2,
Gurriel Jr., Lourdes,2018,4.28,28.0,
Hunter, Torii,2015,,26.5,
Ortiz, David,2015,,23.1,
Rodriguez, Alex,2015,,23.9,
Ramirez, Aramis,2015,,24.3,
Beltre, Adrian,2015,,26.4,
Beltran, Carlos,2015,,25.6,
Werth, Jayson,2015,,25.9,
Cuddyer, Michael,2015,,27.2,
Pierzynski, A.J.,2015,,24.0,
Rollins, Jimmy,2015,,27.1,
Uribe, Juan,2015,,26.3,
Suzuki, Ichiro,2015,,27.9,
Martinez, Victor,2015,,22.4,
Utley, Chase,2015,,27.5,
Pujols, Albert,2015,,23.5,
Byrd, Marlon,2015,,28.0,
Holliday, Matt,2015,,25.9,
Teixeira, Mark,2015,,24.5,
Mauer, Joe,2015,,26.5,
Cabrera, Miguel,2015,,24.1,
Gonzalez, Adrian,2015,,24.0,
Phillips, Brandon,2015,,25.8,
Infante, Omar,2015,,28.1,
Reyes, Jose,2015,,27.4,
Peralta, Jhonny,2015,,25.9,
LaRoche, Adam,2015,,24.4,
Rios, Alex,2015,,28.2,
Loney, James,2015,,24.0,
Choo, Shin-Soo,2015,,26.9,
Rivera, Rene,2015,,24.6,
Francoeur, Jeff,2015,,26.3,
Molina, Yadier,2015,,23.4,
Fielder, Prince,2015,,24.9,
Cano, Robinson,2015,,24.7,
Encarnacion, Edwin,2015,,25.1,
Hardy, J.J.,2015,,26.4,
Howard, Ryan,2015,,24.3,
Sizemore, Grady,2015,,26.5,
DeJesus, David,2015,,26.2,
Gomes, Jonny,2015,,26.7,
Johnson, Kelly,2015,,27.5,
Bautista, Jose,2015,,25.6,
Swisher, Nick,2015,,24.3,
Pena, Brayan,2015,,24.5,
Jones, Adam,2015,,28.0,
Aybar, Erick,2015,,27.9,
Callaspo, Alberto,2015,,25.0,
Hill, Aaron,2015,,27.7,
Martin, Russell,2015,,26.2,
McGehee, Casey,2015,,24.6,
Blanco, Andres,2015,,26.8,
Granderson, Curtis,2015,,27.6,
Ruiz, Carlos,2015,,25.5,
Morse, Michael,2015,,24.5,
Pagan, Angel,2015,,28.2,
Davis, Rajai,2015,,29.2,
Ramirez, Hanley,2015,,26.5,
Morales, Kendrys,2015,,24.3,
Kendrick, Howie,2015,,26.7,
Napoli, Mike,2015,,25.2,
Kinsler, Ian,2015,,26.8,
McCann, Brian,2015,,23.2,
Schumaker, Skip,2015,,26.5,
Walker, Neil,2015,,26.2,
Suzuki, Kurt,2015,,25.7,
Desmond, Ian,2015,,28.7,
Cruz, Nelson,2015,,26.2,
Trumbo, Mark,2015,,27.1,
Peralta, David,2015,,27.6,
Ethier, Andre,2015,,27.3,
Escobar, Alcides,2015,,27.4,
Prado, Martin,2015,,26.8,
Duda, Lucas,2015,,25.3,
Wieters, Matt,2015,,24.7,
Longoria, Evan,2015,,27.3,
Guyer, Brandon,2015,,28.1,
Reynolds, Mark,2015,,25.8,
Davis, Chris,2015,,26.9,
Aviles, Mike,2015,,27.6,
Orlando, Paulo,2015,,29.9,
Zobrist, Ben,2015,,27.2,
Fowler, Dexter,2015,,28.5,
Flowers, Tyler,2015,,25.6,
Headley, Chase,2015,,25.6,
Drew, Stephen,2015,,26.6,
Smith, Seth,2015,,26.5,
Maxwell, Justin,2015,,29.6,
Lind, Adam,2015,,24.0,
Span, Denard,2015,,27.3,
Cabrera, Asdrubal,2015,,26.6,
Ellsbury, Jacoby,2015,,27.4,
Tulowitzki, Troy,2015,,26.1,
Johnson, Chris,2015,,26.0,
Fuld, Sam,2015,,28.1,
Blackmon, Charlie,2015,,27.9,
Blanco, Gregor,2015,,28.4,
Frazier, Todd,2015,,25.8,
Iannetta, Chris,2015,,25.4,
Maldonado, Martin,2015,,25.0,
Chirinos, Robinson,2015,,25.7,
Young, Chris,2015,,27.7,
Markakis, Nick,2015,,25.6,
Pedroia, Dustin,2015,,27.0,
Castillo, Welington,2015,,25.0,
Bourn, Michael,2015,,28.0,
Pearce, Steve,2015,,26.8,
Butler, Billy,2015,,23.6,
Cain, Lorenzo,2015,,28.9,
De Aza, Alejandro,2015,,27.7,
McCutchen, Andrew,2015,,28.5,
Jackson, Austin,2015,,28.2,
Upton, Justin,2015,,28.0,
Maybin, Cameron,2015,,29.1,
Turner, Justin,2015,,26.1,
Posey, Buster,2015,,25.3,
Espinosa, Danny,2015,,27.8,
Bruce, Jay,2015,,25.9,
Votto, Joey,2015,,25.3,
Coghlan, Chris,2015,,26.5,
Rasmus, Colby,2015,,28.0,
Gardner, Brett,2015,,28.8,
Joyce, Matt,2015,,26.4,
Hundley, Nick,2015,,26.0,
Braun, Ryan,2015,,27.4,
Gordon, Alex,2015,,26.1,
Gomez, Carlos,2015,,28.6,
Moss, Brandon,2015,,26.9,
Kemp, Matt,2015,,25.9,
Venable, Will,2015,,27.8,
Murphy, David,2015,,26.9,
Plouffe, Trevor,2015,,26.3,
Andrus, Elvis,2015,,27.7,
Cervelli, Francisco,2015,,26.2,
Cabrera, Melky,2015,,25.8,
Sandoval, Pablo,2015,,24.7,
Herrera, Elian,2015,,27.9,
Ramos, Wilson,2015,,24.0,
Santana, Carlos,2015,,25.5,
Parra, Gerardo,2015,,26.5,
Montero, Miguel,2015,,24.4,
Gonzalez, Carlos,2015,,26.4,
Valbuena, Luis,2015,,25.5,
Mercer, Jordy,2015,,27.7,
Belt, Brandon,2015,,26.7,
Carter, Chris,2015,,26.4,
Van Slyke, Scott,2015,,27.4,
Alonso, Yonder,2015,,24.8,
Flaherty, Ryan,2015,,26.7,
Smoak, Justin,2015,,24.0,
Zimmerman, Ryan,2015,,26.1,
Lowrie, Jed,2015,,26.2,
Alvarez, Pedro,2015,,25.2,
Barnes, Brandon,2015,,27.3,
Brantley, Michael,2015,,26.0,
Castro, Jason,2015,,26.5,
Escobar, Yunel,2015,,25.6,
Morrison, Logan,2015,,26.5,
Aoki, Norichika,2015,,26.7,
Cespedes, Yoenis,2015,,28.4,
Ramirez, Alexei,2015,,26.6,
Colabello, Chris,2015,,26.1,
Solarte, Yangervis,2015,,25.4,
Escobar, Eduardo,2015,,27.4,
Lagares, Juan,2015,,28.4,
Almonte, Abraham,2015,,28.5,
Freese, David,2015,,26.7,
Davis, Khris,2015,,26.8,
Snider, Travis,2015,,26.6,
Chisenhall, Lonnie,2015,,27.0,
Martinez, J.D.,2015,,27.8,
Valencia, Danny,2015,,26.8,
Reddick, Josh,2015,,27.8,
Murphy, Daniel,2015,,25.7,
Goldschmidt, Paul,2015,,27.4,
Gonzalez, Marwin,2015,,26.2,
Amarista, Alexi,2015,,26.8,
Altuve, Jose,2015,,28.4,
Tejada, Ruben,2015,,26.0,
Hernandez, Cesar,2015,,29.8,
Segura, Jean,2015,,28.7,
Castro, Starlin,2015,,27.5,
Marte, Starling,2015,,29.6,
Paredes, Jimmy,2015,,27.4,
d'Arnaud, Travis,2015,,26.6,
Dietrich, Derek,2015,,27.6,
Donaldson, Josh,2015,,26.6,
Freeman, Freddie,2015,,25.4,
Grandal, Yasmani,2015,,24.2,
Heyward, Jason,2015,,27.4,
LeMahieu, DJ,2015,,27.3,
Lucroy, Jonathan,2015,,25.6,
Middlebrooks, Will,2015,,28.0,
Moreland, Mitch,2015,,24.9,
Moustakas, Mike,2015,,25.8,
Norris, Derek,2015,,27.9,
Revere, Ben,2015,,28.4,
Rizzo, Anthony,2015,,26.0,
Robinson, Clint,2015,,25.9,
Rupp, Cameron,2015,,25.3,
Sogard, Eric,2015,,26.3,
Souza Jr., Steven,2015,,28.6,
Stanton, Giancarlo,2015,,27.1,
Vogt, Stephen,2015,,26.0,
Galvis, Freddy,2015,,27.1,
Perez, Salvador,2015,,25.6,
Forsythe, Logan,2015,,28.5,
Flores, Wilmer,2015,,25.8,
Garcia, Avisail,2015,,29.0,
Perez, Hernan,2015,,27.9,
Perez, Carlos,2015,,26.4,
Inciarte, Ender,2015,,28.0,
Ozuna, Marcell,2015,,28.2,
Santana, Danny,2015,,28.7,
Burns, Billy,2015,,29.1,
Butler, Joey,2015,,28.0,
Crawford, Brandon,2015,,26.8,
Cron, C.J.,2015,,26.0,
Giavotella, Johnny,2015,,27.9,
Gillaspie, Conor,2015,,25.2,
Gomes, Yan,2015,,26.8,
Gose, Anthony,2015,,28.3,
Harrison, Josh,2015,,27.2,
Hicks, Aaron,2015,,28.3,
Hosmer, Eric,2015,,27.1,
Joseph, Caleb,2015,,26.4,
Kipnis, Jason,2015,,27.3,
Lawrie, Brett,2015,,29.5,
McCann, James,2015,,26.7,
Miller, Brad,2015,,27.7,
Rendon, Anthony,2015,,27.7,
Semien, Marcus,2015,,28.9,
Springer, George,2015,,28.8,
Gordon, Dee,2015,,29.1,
Wong, Kolten,2015,,27.4,
Gregorius, Didi,2015,,28.4,
Grichuk, Randal,2015,,28.7,
Marisnick, Jake,2015,,29.4,
Trout, Mike,2015,,29.6,
Herrera, Odubel,2015,,27.8,
Harper, Bryce,2015,,27.7,
Martin, Leonys,2015,,28.1,
Abreu, Jose,2015,,25.7,
Suarez, Eugenio,2015,,27.0,
Ackley, Dustin,2015,,26.5,
Polanco, Gregory,2015,,28.5,
Urshela, Gio,2015,,26.7,
Sanchez, Yolmer,2015,,27.7,
Schoop, Jonathan,2015,,26.7,
Arenado, Nolan,2015,,26.1,
Barnhart, Tucker,2015,,25.6,
Bour, Justin,2015,,24.4,
Gennett, Scooter,2015,,26.8,
Hamilton, Billy,2015,,29.7,
Holt, Brock,2015,,28.5,
Lamb, Jake,2015,,26.6,
Myers, Wil,2015,,28.5,
Owings, Chris,2015,,28.5,
Paulsen, Ben,2015,,26.7,
Piscotty, Stephen,2015,,27.9,
Pollock, A.J.,2015,,29.0,
Seager, Kyle,2015,,26.0,
Taylor, Michael A.,2015,,28.7,
Zunino, Mike,2015,,26.6,
Goins, Ryan,2015,,27.3,
Carpenter, Matt,2015,,26.9,
Dozier, Brian,2015,,27.8,
Ruf, Darin,2015,,25.6,
Saladino, Tyler,2015,,28.4,
Gyorko, Jedd,2015,,24.7,
Iglesias, Jose,2015,,28.4,
Hechavarria, Adeiny,2015,,28.8,
Bryant, Kris,2015,,28.6,
Canha, Mark,2015,,28.2,
Castellanos, Nick,2015,,26.5,
DeShields, Delino,2015,,30.5,
Machado, Manny,2015,,27.4,
Pederson, Joc,2015,,27.2,
Realmuto, J.T.,2015,,28.8,
Rosario, Eddie,2015,,28.5,
Simmons, Andrelton,2015,,27.0,
Yelich, Christian,2015,,28.7,
Bogaerts, Xander,2015,,28.2,
Sano, Miguel,2015,,27.6,
Calhoun, Kole,2015,,26.5,
Eaton, Adam,2015,,28.9,
Gattis, Evan,2015,,27.4,
Kiermaier, Kevin,2015,,29.7,
Lindor, Francisco,2015,,28.4,
Odor, Rougned,2015,,28.1,
Swihart, Blake,2015,,27.8,
Franco, Maikel,2015,,26.7,
Bradley Jr., Jackie,2015,,27.5,
Ahmed, Nick,2015,,28.4,
Asche, Cody,2015,,26.8,
Betts, Mookie,2015,,28.7,
Panik, Joe,2015,,26.7,
Spangenberg, Cory,2015,,28.8,
Tucker, Preston,2015,,26.9,
Peterson, Jace,2015,,28.5,
Pillar, Kevin,2015,,28.7,
Ramirez, Jose,2015,,28.0,
Russell, Addison,2015,,28.0,
Plawecki, Kevin,2015,,26.9,
Correa, Carlos,2015,,28.3,
Duffy, Matt,2015,,28.2,
Puig, Yasiel,2015,,28.4,
Soler, Jorge,2015,,27.6,
Castillo, Rusney,2015,,27.5,
Kang, Jung Ho,2015,,26.7,
Tomas, Yasmany,2015,,27.3,
Schwarber, Kyle,2015,,27.1,
Pujols, Albert,2019,5.02,22.5,
Cabrera, Miguel,2019,4.95,23.5,
Choo, Shin-Soo,2019,4.35,26.5,
Molina, Yadier,2019,4.93,22.8,
Cano, Robinson,2019,4.62,24.6,
Encarnacion, Edwin,2019,4.82,24.8,
Jones, Adam,2019,4.48,26.8,
Granderson, Curtis,2019,4.38,26.5,
Kendrick, Howie,2019,4.69,25.3,
Kinsler, Ian,2019,4.60,26.2,
McCann, Brian,2019,5.03,22.2,
Walker, Neil,2019,4.58,25.6,
Suzuki, Kurt,2019,4.69,25.2,
Desmond, Ian,2019,4.40,27.5,
Cruz, Nelson,2019,4.73,25.2,
Peralta, David,2019,4.37,26.9,
Prado, Martin,2019,4.65,25.6,
Longoria, Evan,2019,4.53,26.4,
Davis, Chris,2019,4.75,24.8,
Fowler, Dexter,2019,4.29,27.7,
Flowers, Tyler,2019,4.60,25.2,
Pence, Hunter,2019,4.19,28.5,
Cabrera, Asdrubal,2019,4.68,25.4,
Blackmon, Charlie,2019,4.35,26.7,
Frazier, Todd,2019,4.57,25.3,
Maldonado, Martin,2019,4.85,24.2,
Chirinos, Robinson,2019,4.69,25.1,
Markakis, Nick,2019,4.43,26.1,
Castillo, Welington,2019,4.93,23.7,
Cain, Lorenzo,2019,4.25,27.8,
McCutchen, Andrew,2019,4.31,28.8,
Upton, Justin,2019,4.55,26.8,
Maybin, Cameron,2019,4.21,28.7,
Turner, Justin,2019,4.56,26.1,
Posey, Buster,2019,4.85,24.2,
Bruce, Jay,2019,4.37,26.7,
Votto, Joey,2019,4.78,25.0,
Gardner, Brett,2019,4.06,28.9,
Braun, Ryan,2019,4.47,26.6,
Gordon, Alex,2019,4.58,25.4,
Andrus, Elvis,2019,4.40,26.7,
Cabrera, Melky,2019,4.51,25.9,
Sandoval, Pablo,2019,4.62,24.3,
Ramos, Wilson,2019,4.96,22.9,
Santana, Carlos,2019,4.55,25.7,
Parra, Gerardo,2019,4.44,26.3,
Mercer, Jordy,2019,4.39,26.4,
Belt, Brandon,2019,4.67,24.8,
Alonso, Yonder,2019,4.98,23.3,
Smoak, Justin,2019,4.97,23.5,
Brantley, Michael,2019,4.47,26.4,
Castro, Jason,2019,4.48,26.3,
Gurriel, Yuli,2019,4.32,27.6,
Rodriguez, Ronny,2019,4.37,27.4,
Rojas, Miguel,2019,4.52,26.3,
Escobar, Eduardo,2019,4.25,27.6,
Martinez, Jose,2019,4.52,26.2,
Lagares, Juan,2019,4.33,28.0,
Davis, Khris,2019,4.84,25.6,
Pham, Tommy,2019,4.38,28.7,
Martinez, J.D.,2019,4.49,26.6,
Reddick, Josh,2019,4.31,26.7,
Dyson, Jarrod,2019,4.08,28.4,
Murphy, Daniel,2019,4.52,25.7,
Goldschmidt, Paul,2019,4.50,26.5,
Gonzalez, Marwin,2019,4.50,25.8,
Altuve, Jose,2019,4.07,28.5,
Hernandez, Cesar,2019,4.15,28.7,
Segura, Jean,2019,4.20,27.5,
Castro, Starlin,2019,4.38,26.9,
Marte, Starling,2019,4.14,29.0,
d'Arnaud, Travis,2019,4.52,26.9,
Dietrich, Derek,2019,4.31,26.6,
Donaldson, Josh,2019,4.51,25.8,
Freeman, Freddie,2019,4.45,26.4,
Grandal, Yasmani,2019,4.88,24.2,
Heyward, Jason,2019,4.32,27.4,
LeMahieu, DJ,2019,4.57,26.7,
Lucroy, Jonathan,2019,4.65,25.4,
Moreland, Mitch,2019,4.47,25.0,
Moustakas, Mike,2019,4.55,25.7,
Rizzo, Anthony,2019,4.58,25.3,
Sogard, Eric,2019,4.43,26.2,
Thames, Eric,2019,4.29,26.7,
Vogt, Stephen,2019,4.38,26.4,
Galvis, Freddy,2019,4.43,25.9,
Forsythe, Logan,2019,4.55,27.3,
Flores, Wilmer,2019,4.59,25.4,
Garcia, Avisail,2019,4.38,28.8,
Ozuna, Marcell,2019,4.43,27.4,
Villar, Jonathan,2019,4.24,27.9,
Santana, Danny,2019,4.28,27.7,
Aguilar, Jesus,2019,4.95,23.5,
Beckham, Tim,2019,4.47,26.7,
Berti, Jon,2019,4.13,29.8,
Crawford, Brandon,2019,4.43,25.7,
Cron, C.J.,2019,4.58,26.1,
Gomes, Yan,2019,4.58,26.6,
Grossman, Robbie,2019,4.27,27.5,
Hicks, Aaron,2019,4.23,27.6,
Hicks, John,2019,4.45,26.6,
Hosmer, Eric,2019,4.53,25.8,
Kipnis, Jason,2019,4.37,26.8,
McCann, James,2019,4.70,26.2,
Nola, Austin,2019,4.58,27.1,
Rendon, Anthony,2019,4.41,26.7,
Semien, Marcus,2019,4.36,28.1,
Shaw, Travis,2019,4.49,25.6,
Springer, George,2019,4.27,28.4,
Gordon, Dee,2019,4.01,28.5,
Vazquez, Christian,2019,4.52,25.6,
Wong, Kolten,2019,4.20,27.6,
Gregorius, Didi,2019,4.24,27.7,
Garcia, Leury,2019,4.05,28.5,
Grichuk, Randal,2019,4.37,28.1,
Marisnick, Jake,2019,4.20,29.2,
Trout, Mike,2019,4.28,29.2,
Almora Jr., Albert,2019,4.26,28.3,
Ruiz, Rio,2019,4.64,25.8,
Wolters, Tony,2019,4.53,26.1,
Harper, Bryce,2019,4.28,28.3,
Perez, Roberto,2019,4.77,24.3,
Martin, Leonys,2019,4.40,27.2,
Abreu, Jose,2019,4.47,26.6,
Diaz, Elias,2019,4.58,26.1,
Narvaez, Omar,2019,4.84,24.6,
Suarez, Eugenio,2019,4.72,25.9,
Santana, Domingo,2019,4.55,26.7,
Urshela, Gio,2019,4.34,26.3,
Sanchez, Yolmer,2019,4.27,27.7,
Schoop, Jonathan,2019,4.52,27.3,
Adams, Matt,2019,4.60,25.9,
Arenado, Nolan,2019,4.55,25.9,
Barnhart, Tucker,2019,4.73,24.1,
Goodwin, Brian,2019,4.17,27.9,
Hamilton, Billy,2019,4.01,29.5,
Haniger, Mitch,2019,4.48,27.1,
Hernandez, Enrique,2019,4.49,27.4,
Holt, Brock,2019,4.36,26.1,
Muncy, Max,2019,4.27,27.7,
Myers, Wil,2019,4.31,28.3,
Naquin, Tyler,2019,4.40,26.9,
Phegley, Josh,2019,4.49,25.8,
Piscotty, Stephen,2019,4.56,26.0,
Pollock, A.J.,2019,4.33,28.0,
Seager, Kyle,2019,4.47,26.4,
Voit, Luke,2019,4.70,25.8,
Walker, Christian,2019,4.54,27.2,
Zunino, Mike,2019,4.53,26.3,
Carpenter, Matt,2019,4.44,26.0,
Dickerson, Corey,2019,4.26,27.6,
Dozier, Brian,2019,4.47,26.9,
Yastrzemski, Michael,2019,4.28,27.5,
Contreras, Willson,2019,4.37,27.7,
Iglesias, Jose,2019,4.20,27.1,
Osuna, Jose,2019,4.51,27.1,
Bryant, Kris,2019,4.28,28.2,
Canha, Mark,2019,4.38,27.6,
Castellanos, Nick,2019,4.28,27.9,
DeShields, Delino,2019,4.11,29.5,
Drury, Brandon,2019,4.43,26.8,
Gamel, Ben,2019,4.24,28.2,
Goodrum, Niko,2019,4.25,29.0,
Jones, JaCoby,2019,4.33,28.3,
Judge, Aaron,2019,4.55,28.2,
Machado, Manny,2019,4.60,26.4,
Moran, Colin,2019,4.58,25.4,
Pederson, Joc,2019,4.36,26.2,
Realmuto, J.T.,2019,4.22,28.7,
Renfroe, Hunter,2019,4.46,27.0,
Rosario, Eddie,2019,4.26,27.1,
Simmons, Andrelton,2019,4.62,26.3,
Wilkerson, Stevie,2019,4.25,28.3,
Yelich, Christian,2019,4.16,28.7,
Merrifield, Whit,2019,4.23,28.6,
Bogaerts, Xander,2019,4.25,28.0,
Alberto, Hanser,2019,4.34,26.9,
Polanco, Jorge,2019,4.12,28.2,
Sano, Miguel,2019,4.62,26.5,
Calhoun, Kole,2019,4.52,25.9,
Eaton, Adam,2019,4.13,28.3,
Garcia, Greg,2019,4.31,27.6,
Kiermaier, Kevin,2019,3.97,29.4,
Alfaro, Jorge,2019,4.32,28.8,
Profar, Jurickson,2019,4.40,26.7,
Baez, Javier,2019,4.19,28.6,
Hedges, Austin,2019,4.97,24.6,
Lindor, Francisco,2019,4.24,27.5,
Odor, Rougned,2019,4.21,28.0,
Smith Jr, Dwight,2019,4.48,26.1,
Story, Trevor,2019,4.17,29.3,
Vogelbach, Daniel,2019,4.80,24.2,
Sanchez, Gary,2019,4.65,25.4,
Cuthbert, Cheslor,2019,4.48,26.6,
Kepler, Max,2019,4.24,27.7,
Franco, Maikel,2019,4.77,25.4,
Choi, Ji-Man,2019,4.43,25.3,
Bradley Jr., Jackie,2019,4.31,27.6,
La Stella, Tommy,2019,4.47,25.7,
Severino, Pedro,2019,4.35,27.0,
Nunez, Renato,2019,4.53,27.1,
Candelario, Jeimer,2019,4.38,27.3,
Ahmed, Nick,2019,4.35,28.2,
Anderson, Brian,2019,4.40,27.0,
Bell, Josh,2019,4.42,26.7,
Betts, Mookie,2019,4.27,27.9,
Caratini, Victor,2019,4.70,25.0,
Davis, J.D.,2019,4.56,26.3,
Panik, Joe,2019,4.50,25.5,
Smith, Mallex,2019,4.03,29.4,
Castro, Harold,2019,4.28,27.2,
Arcia, Orlando,2019,4.46,26.4,
Tapia, Raimel,2019,4.18,28.6,
Hernandez, Teoscar,2019,4.22,29.1,
Peraza, Jose,2019,4.32,28.0,
Marte, Ketel,2019,4.26,27.9,
Nimmo, Brandon,2019,4.23,28.5,
Turner, Trea,2019,4.04,30.3,
Beaty, Matt,2019,4.28,27.4,
Pillar, Kevin,2019,4.28,27.9,
Ramirez, Jose,2019,4.28,27.8,
Bregman, Alex,2019,4.34,27.4,
Gallo, Joey,2019,4.44,27.7,
Kelly, Carson,2019,4.77,25.3,
Seager, Corey,2019,4.50,26.9,
Winker, Jesse,2019,4.62,25.6,
Lugo, Dawel,2019,4.38,27.5,
Mazara, Nomar,2019,4.39,26.5,
Murphy, Tom,2019,4.59,26.2,
Guzman, Ronald,2019,4.49,25.9,
Mondesi, Adalberto,2019,4.08,29.9,
Reyes, Franmil,2019,4.59,26.6,
Martin, Richie,2019,4.21,29.5,
Swanson, Dansby,2019,4.21,28.7,
Newman, Kevin,2019,4.26,28.4,
Taylor, Chris,2019,4.29,28.7,
Correa, Carlos,2019,4.34,27.6,
Dahl, David,2019,4.18,28.1,
Buxton, Byron,2019,3.99,30.3,
Duggar, Steven,2019,4.21,28.2,
Stewart, Christin,2019,4.40,26.9,
Wendle, Joey,2019,4.13,28.6,
Olson, Matt,2019,4.55,26.2,
Margot, Manuel,2019,4.21,29.0,
Reyes, Victor,2019,4.20,28.9,
Bote, David,2019,4.36,27.6,
Ramirez, Harold,2019,4.23,28.9,
Santander, Anthony,2019,4.42,27.4,
Alonso, Pete,2019,4.51,26.4,
Biggio, Cavan,2019,4.35,28.3,
Conforto, Michael,2019,4.34,27.5,
Frazier, Adam,2019,4.31,27.2,
Puig, Yasiel,2019,4.32,28.2,
Soler, Jorge,2019,4.52,27.0,
Ervin, Phillip,2019,4.43,27.5,
Meadows, Austin,2019,4.25,28.1,
Mercado, Oscar,2019,4.23,29.5,
Pinder, Chad,2019,4.45,27.0,
Anderson, Tim,2019,4.18,28.7,
Bauers, Jake,2019,4.26,27.7,
Bellinger, Cody,2019,3.97,28.7,
Calhoun, Willie,2019,4.55,26.4,
Crawford, J.P.,2019,4.36,27.4,
Dixon, Brandon,2019,4.24,28.5,
Dozier, Hunter,2019,4.36,28.3,
Garver, Mitch,2019,4.49,26.3,
Hampson, Garrett,2019,4.06,30.1,
Locastro, Tim,2019,3.94,30.7,
Mancini, Trey,2019,4.60,26.7,
McKinney, Billy,2019,4.27,27.4,
McMahon, Ryan,2019,4.51,26.3,
Tellez, Rowdy,2019,4.78,24.8,
VanMeter, Josh,2019,4.32,26.8,
Rosario, Amed,2019,4.18,29.2,
Adames, Willy,2019,4.26,28.3,
Benintendi, Andrew,2019,4.27,27.1,
Cooper, Garrett,2019,4.40,27.2,
Jansen, Danny,2019,4.46,27.3,
Kemp, Tony,2019,4.29,26.4,
McNeil, Jeff,2019,4.09,27.2,
Tauchman, Mike,2019,4.23,27.9,
White, Tyler,2019,4.77,25.2,
Albies, Ozzie,2019,4.02,28.6,
Robles, Victor,2019,4.24,29.3,
Devers, Rafael,2019,4.27,27.1,
Naylor, Josh,2019,4.46,26.1,
Arraez, Luis,2019,4.35,26.9,
Jimenez, Eloy,2019,4.43,27.7,
Torres, Gleyber,2019,4.47,26.5,
Diaz, Yandy,2019,4.52,26.5,
Rengifo, Luis,2019,4.25,28.0,
Allen, Greg,2019,4.16,29.0,
Chapman, Matt,2019,4.40,28.0,
Chavis, Michael,2019,4.37,28.0,
Hoskins, Rhys,2019,4.54,25.9,
Luplow, Jordan,2019,4.32,28.2,
O'Hearn, Ryan,2019,4.46,27.2,
Schwarber, Kyle,2019,4.30,27.1,
Verdugo, Alex,2019,4.24,27.3,
DeJong, Paul,2019,4.37,27.6,
Laureano, Ramon,2019,4.24,28.5,
Moncada, Yoan,2019,4.19,27.8,
Ohtani, Shohei,2019,4.05,28.2,
Acuna Jr., Ronald,2019,4.18,29.4,
Riley, Austin,2019,4.45,27.8,
Lowe, Brandon,2019,4.23,27.7,
Bader, Harrison,2019,4.12,29.5,
Fletcher, David,2019,4.23,27.6,
Kingery, Scott,2019,4.16,29.1,
Moore, Dylan,2019,4.30,28.3,
Tatis Jr., Fernando,2019,4.17,29.3,
Guerrero Jr., Vladimir,2019,4.57,26.2,
Soto, Juan,2019,4.25,27.3,
Gurriel Jr., Lourdes,2019,4.36,27.5,
Reynolds, Bryan,2019,4.31,28.0,
Senzel, Nick,2019,4.19,29.4,
Edman, Tommy,2019,4.12,29.4,
Hiura, Keston,2019,4.53,26.9,
Lopez, Nicky,2019,4.13,28.5,
Alvarez, Yordan,2019,4.35,26.7,
Beltre, Adrian,2017,4.71,24.2,
Beltran, Carlos,2017,4.47,25.3,
Werth, Jayson,2017,4.60,25.7,
Martinez, Victor,2017,4.91,22.5,
Utley, Chase,2017,4.23,27.6,
Pujols, Albert,2017,5.11,21.8,
Holliday, Matt,2017,4.59,25.9,
Mauer, Joe,2017,4.53,26.1,
Cabrera, Miguel,2017,4.87,24.9,
Gonzalez, Adrian,2017,4.88,23.7,
Phillips, Brandon,2017,4.58,25.9,
Reyes, Jose,2017,4.21,27.4,
Choo, Shin-Soo,2017,4.43,26.2,
Molina, Yadier,2017,4.81,23.8,
Cano, Robinson,2017,4.61,24.1,
Encarnacion, Edwin,2017,4.75,24.5,
Hardy, J.J.,2017,4.62,26.1,
Bautista, Jose,2017,4.75,25.5,
Jones, Adam,2017,4.48,27.0,
Aybar, Erick,2017,4.36,26.7,
Martin, Russell,2017,4.71,25.5,
Granderson, Curtis,2017,4.27,26.9,
Davis, Rajai,2017,4.03,29.6,
Ramirez, Hanley,2017,4.61,26.1,
Morales, Kendrys,2017,4.95,23.5,
Kendrick, Howie,2017,4.49,26.7,
Napoli, Mike,2017,4.75,25.2,
Kinsler, Ian,2017,4.39,26.9,
McCann, Brian,2017,5.01,22.8,
Walker, Neil,2017,4.46,26.2,
Suzuki, Kurt,2017,4.65,25.8,
Desmond, Ian,2017,4.34,27.7,
Cruz, Nelson,2017,4.70,25.4,
Jaso, John,2017,4.53,26.5,
Trumbo, Mark,2017,4.65,26.5,
Peralta, David,2017,4.30,27.4,
Pina, Manny,2017,4.62,25.8,
Escobar, Alcides,2017,4.35,27.7,
Jay, Jon,2017,4.44,26.4,
Duda, Lucas,2017,4.68,25.6,
Wieters, Matt,2017,4.71,24.8,
Longoria, Evan,2017,4.38,27.1,
Cozart, Zack,2017,4.47,26.0,
Barney, Darwin,2017,4.38,27.4,
Reynolds, Mark,2017,4.74,24.8,
Davis, Chris,2017,4.67,25.1,
Zobrist, Ben,2017,4.34,27.1,
Fowler, Dexter,2017,4.26,28.1,
Flowers, Tyler,2017,4.52,25.8,
Headley, Chase,2017,4.68,25.3,
Smith, Seth,2017,4.42,26.3,
Lind, Adam,2017,4.62,24.8,
Pence, Hunter,2017,4.16,28.6,
Span, Denard,2017,4.34,27.5,
Cabrera, Asdrubal,2017,4.65,25.2,
Ellsbury, Jacoby,2017,4.26,28.1,
Tulowitzki, Troy,2017,4.56,25.6,
Blackmon, Charlie,2017,4.22,28.2,
Blanco, Gregor,2017,4.11,28.8,
Frazier, Todd,2017,4.47,26.6,
Iannetta, Chris,2017,4.67,25.8,
Maldonado, Martin,2017,4.85,24.8,
Chirinos, Robinson,2017,4.76,24.7,
Young, Chris,2017,4.37,27.6,
Markakis, Nick,2017,4.48,25.9,
Pedroia, Dustin,2017,4.42,26.1,
Castillo, Welington,2017,4.65,24.9,
Nunez, Eduardo,2017,4.17,27.9,
Pearce, Steve,2017,4.48,26.9,
Cain, Lorenzo,2017,4.25,28.7,
McCutchen, Andrew,2017,4.30,28.8,
Jackson, Austin,2017,4.46,27.8,
Upton, Justin,2017,4.35,28.3,
Maybin, Cameron,2017,4.23,28.7,
Turner, Justin,2017,4.67,25.5,
Posey, Buster,2017,4.70,24.6,
Espinosa, Danny,2017,4.29,27.6,
Bruce, Jay,2017,4.40,26.3,
Votto, Joey,2017,4.77,24.9,
Gardner, Brett,2017,4.04,28.8,
Joyce, Matt,2017,4.51,26.5,
Hundley, Nick,2017,4.59,26.0,
Braun, Ryan,2017,4.36,27.1,
Gordon, Alex,2017,4.50,26.2,
Gomez, Carlos,2017,4.38,28.1,
Moss, Brandon,2017,4.47,26.4,
Kemp, Matt,2017,4.69,24.9,
Plouffe, Trevor,2017,4.49,26.9,
Romine, Andrew,2017,4.35,27.3,
Andrus, Elvis,2017,4.35,27.3,
Cervelli, Francisco,2017,4.62,25.3,
Cabrera, Melky,2017,4.45,26.2,
Sandoval, Pablo,2017,4.51,25.3,
Santana, Carlos,2017,4.48,26.1,
Parra, Gerardo,2017,4.32,26.4,
Gonzalez, Carlos,2017,4.31,26.9,
Valbuena, Luis,2017,4.94,23.7,
Mercer, Jordy,2017,4.34,27.6,
Belt, Brandon,2017,4.34,26.7,
Alonso, Yonder,2017,4.88,24.6,
Smoak, Justin,2017,4.87,24.1,
Zimmerman, Ryan,2017,4.41,26.8,
Lowrie, Jed,2017,4.50,26.7,
Carrera, Ezequiel,2017,4.16,28.0,
Avila, Alex,2017,4.75,25.0,
Brantley, Michael,2017,4.56,26.0,
Castro, Jason,2017,4.52,26.1,
Escobar, Yunel,2017,4.66,25.4,
Morrison, Logan,2017,4.49,26.7,
Rosales, Adam,2017,4.34,28.2,
Hernandez, Gorkys,2017,4.22,29.0,
Aoki, Norichika,2017,4.08,27.2,
Cespedes, Yoenis,2017,4.38,27.5,
Gurriel, Yuli,2017,4.36,26.8,
Solarte, Yangervis,2017,4.74,24.7,
Rojas, Miguel,2017,4.39,27.0,
Escobar, Eduardo,2017,4.25,27.6,
Martinez, Jose,2017,4.38,27.6,
Lagares, Juan,2017,4.27,28.6,
Freese, David,2017,4.43,26.0,
Davis, Khris,2017,4.73,26.5,
Pham, Tommy,2017,4.40,28.7,
Chisenhall, Lonnie,2017,4.44,26.5,
Presley, Alex,2017,4.15,28.3,
Martinez, J.D.,2017,4.42,27.0,
Valencia, Danny,2017,4.48,27.0,
Reddick, Josh,2017,4.20,27.8,
Dyson, Jarrod,2017,4.09,28.2,
Murphy, Daniel,2017,4.38,26.3,
Goldschmidt, Paul,2017,4.46,26.8,
Gonzalez, Marwin,2017,4.31,26.7,
Leon, Sandy,2017,4.72,23.9,
Altuve, Jose,2017,4.13,28.3,
Hernandez, Cesar,2017,4.14,29.4,
Segura, Jean,2017,4.25,27.0,
Castro, Starlin,2017,4.31,27.4,
Marte, Starling,2017,4.12,28.8,
Pirela, Jose,2017,4.23,29.0,
d'Arnaud, Travis,2017,4.54,26.7,
Descalso, Daniel,2017,4.27,27.2,
Dietrich, Derek,2017,4.26,27.3,
Donaldson, Josh,2017,4.47,26.4,
Freeman, Freddie,2017,4.42,26.6,
Grandal, Yasmani,2017,4.86,24.0,
Heyward, Jason,2017,4.33,27.1,
LeMahieu, DJ,2017,4.49,27.1,
Lucroy, Jonathan,2017,4.71,25.1,
Moreland, Mitch,2017,4.36,25.7,
Moustakas, Mike,2017,4.81,23.9,
Revere, Ben,2017,4.23,27.6,
Rizzo, Anthony,2017,4.58,25.7,
Romine, Austin,2017,4.46,26.5,
Rupp, Cameron,2017,4.83,25.0,
Sogard, Eric,2017,4.26,26.6,
Souza Jr., Steven,2017,4.26,28.9,
Stanton, Giancarlo,2017,4.50,27.8,
Thames, Eric,2017,4.24,27.1,
Vogt, Stephen,2017,4.55,25.6,
Galvis, Freddy,2017,4.30,27.3,
Perez, Salvador,2017,4.72,25.5,
Forsythe, Logan,2017,4.46,27.5,
Flores, Wilmer,2017,4.56,25.6,
Garcia, Avisail,2017,4.28,29.1,
Perez, Hernan,2017,4.21,28.3,
Inciarte, Ender,2017,4.14,27.2,
Ozuna, Marcell,2017,4.39,27.8,
Villar, Jonathan,2017,4.16,27.9,
Aguilar, Jesus,2017,4.76,24.6,
Beckham, Tim,2017,4.36,28.0,
Broxton, Keon,2017,4.06,29.9,
Crawford, Brandon,2017,4.40,26.0,
Cron, C.J.,2017,4.63,25.9,
Gomes, Yan,2017,4.53,26.7,
Grossman, Robbie,2017,4.27,27.9,
Harrison, Josh,2017,4.29,27.6,
Herrmann, Chris,2017,4.25,27.1,
Hicks, Aaron,2017,4.16,28.4,
Hosmer, Eric,2017,4.30,27.1,
Joseph, Caleb,2017,4.65,25.9,
Kipnis, Jason,2017,4.33,27.2,
Mahtook, Mikie,2017,4.20,28.8,
McCann, James,2017,4.59,26.7,
Miller, Brad,2017,4.29,27.7,
Rendon, Anthony,2017,4.27,27.5,
Semien, Marcus,2017,4.28,28.5,
Shaw, Travis,2017,4.51,25.7,
Springer, George,2017,4.30,28.0,
Gordon, Dee,2017,3.89,29.4,
Vazquez, Christian,2017,4.50,25.8,
Wong, Kolten,2017,4.18,27.5,
Gregorius, Didi,2017,4.25,28.2,
Garcia, Leury,2017,4.10,28.6,
Grichuk, Randal,2017,4.33,28.4,
Marisnick, Jake,2017,4.23,29.1,
Trout, Mike,2017,4.26,29.3,
Herrera, Odubel,2017,4.15,27.3,
Almora Jr., Albert,2017,4.38,27.7,
Wolters, Tony,2017,4.42,26.4,
Harper, Bryce,2017,4.25,27.7,
Abreu, Jose,2017,4.52,26.8,
Narvaez, Omar,2017,4.69,25.2,
Suarez, Eugenio,2017,4.47,26.9,
Polanco, Gregory,2017,4.24,27.2,
Santana, Domingo,2017,4.45,27.2,
Sanchez, Yolmer,2017,4.19,28.4,
Schoop, Jonathan,2017,4.48,27.5,
Adams, Matt,2017,4.53,26.0,
Altherr, Aaron,2017,4.40,28.9,
Arenado, Nolan,2017,4.57,25.7,
Barnhart, Tucker,2017,4.59,25.3,
Bour, Justin,2017,4.64,24.1,
Davidson, Matt,2017,4.64,25.5,
Gennett, Scooter,2017,4.40,26.4,
Goodwin, Brian,2017,4.15,27.8,
Hamilton, Billy,2017,3.91,30.1,
Haniger, Mitch,2017,4.34,27.9,
Hernandez, Enrique,2017,4.35,27.4,
Joseph, Tommy,2017,4.87,25.3,
Lamb, Jake,2017,4.37,26.9,
Myers, Wil,2017,4.27,28.5,
Owings, Chris,2017,4.14,28.3,
Piscotty, Stephen,2017,4.44,26.7,
Pollock, A.J.,2017,4.26,28.6,
Rickard, Joey,2017,4.18,28.4,
Seager, Kyle,2017,4.47,26.1,
Taylor, Michael A.,2017,4.12,28.8,
Zunino, Mike,2017,4.57,26.3,
Goins, Ryan,2017,4.45,26.6,
Carpenter, Matt,2017,4.39,26.6,
Dickerson, Corey,2017,4.23,27.6,
Dozier, Brian,2017,4.37,27.1,
Saladino, Tyler,2017,4.41,28.2,
Vargas, Kennys,2017,4.69,25.2,
Contreras, Willson,2017,4.28,27.9,
Gyorko, Jedd,2017,4.57,25.1,
Iglesias, Jose,2017,4.16,27.9,
Hechavarria, Adeiny,2017,4.34,28.0,
Torreyes, Ronald,2017,4.21,28.3,
Bryant, Kris,2017,4.15,28.9,
Castellanos, Nick,2017,4.27,28.1,
DeShields, Delino,2017,3.97,30.0,
Drury, Brandon,2017,4.40,27.1,
Gamel, Ben,2017,4.18,28.3,
Healy, Ryon,2017,4.56,26.6,
Judge, Aaron,2017,4.50,28.0,
Machado, Manny,2017,4.62,26.3,
Pederson, Joc,2017,4.37,26.5,
Realmuto, J.T.,2017,4.22,28.6,
Renfroe, Hunter,2017,4.39,27.2,
Rosario, Eddie,2017,4.17,27.5,
Simmons, Andrelton,2017,4.41,27.5,
Yelich, Christian,2017,4.23,28.4,
Merrifield, Whit,2017,4.22,29.2,
Bogaerts, Xander,2017,4.22,28.3,
Bonifacio, Jorge,2017,4.28,28.4,
Polanco, Jorge,2017,4.15,28.4,
Sano, Miguel,2017,4.61,26.9,
Difo, Wilmer,2017,4.18,29.1,
Calhoun, Kole,2017,4.52,26.4,
Duvall, Adam,2017,4.38,27.7,
Garcia, Greg,2017,4.25,27.5,
Gattis, Evan,2017,4.49,26.5,
Schebler, Scott,2017,4.24,28.3,
Kiermaier, Kevin,2017,4.02,29.3,
Baez, Javier,2017,4.25,28.5,
Hedges, Austin,2017,4.58,26.4,
Lindor, Francisco,2017,4.23,28.0,
Odor, Rougned,2017,4.17,28.1,
Story, Trevor,2017,4.18,29.3,
Sanchez, Gary,2017,4.50,26.1,
Kepler, Max,2017,4.23,27.9,
Franco, Maikel,2017,4.76,25.9,
Bradley Jr., Jackie,2017,4.29,27.4,
Motter, Taylor,2017,4.56,26.7,
Barnes, Austin,2017,4.42,27.2,
Bell, Josh,2017,4.40,27.2,
Betts, Mookie,2017,4.21,27.9,
Panik, Joe,2017,4.44,26.1,
Smith, Mallex,2017,4.01,30.1,
Spangenberg, Cory,2017,4.14,28.6,
Zimmer, Bradley,2017,4.07,30.0,
Arcia, Orlando,2017,4.38,27.2,
Peraza, Jose,2017,4.16,28.8,
Marte, Ketel,2017,4.13,29.2,
Turner, Trea,2017,4.10,30.3,
Smith, Kevan,2017,4.60,26.6,
Pillar, Kevin,2017,4.38,27.8,
Ramirez, Jose,2017,4.28,28.0,
Bregman, Alex,2017,4.36,27.6,
Gallo, Joey,2017,4.42,27.8,
Russell, Addison,2017,4.21,28.2,
Seager, Corey,2017,4.48,26.8,
Williams, Nick,2017,4.19,29.1,
Mazara, Nomar,2017,4.34,27.0,
Robertson, Daniel,2017,4.43,27.5,
Swanson, Dansby,2017,4.19,28.7,
Taylor, Chris,2017,4.18,29.0,
Correa, Carlos,2017,4.35,27.6,
Buxton, Byron,2017,3.95,30.5,
Maxwell, Bruce,2017,4.88,23.8,
Margot, Manuel,2017,4.17,29.4,
Camargo, Johan,2017,4.37,26.7,
Conforto, Michael,2017,4.33,27.5,
Frazier, Adam,2017,4.29,27.5,
Puig, Yasiel,2017,4.29,28.1,
Heredia, Guillermo,2017,4.19,28.6,
Pinder, Chad,2017,4.42,27.6,
Anderson, Tim,2017,4.23,28.7,
Asuaje, Carlos,2017,4.42,27.1,
Bellinger, Cody,2017,4.08,28.8,
Engel, Adam,2017,4.05,30.5,
Mancini, Trey,2017,4.44,27.5,
Benintendi, Andrew,2017,4.21,28.3,
Diaz, Aledmys,2017,4.20,28.5,
Chapman, Matt,2017,4.34,28.7,
Schwarber, Kyle,2017,4.32,26.8,
DeJong, Paul,2017,4.31,28.4,
Happ, Ian,2017,4.19,28.8,